"site_id","species","truth_probability"
"12","Berberis_nervosa",0.05
"157","Berberis_nervosa",0.95
"160","Berberis_nervosa",0.95
"163","Berberis_nervosa",0.05
"164","Berberis_nervosa",0.05
"185","Berberis_nervosa",0.05
"187","Berberis_nervosa",0.05
"188","Berberis_nervosa",0.05
"190","Berberis_nervosa",0.95
"191","Berberis_nervosa",0.05
"192","Berberis_nervosa",0.95
"193","Berberis_nervosa",0.95
"224","Berberis_nervosa",0.05
"225","Berberis_nervosa",0.05
"227","Berberis_nervosa",0.95
"230","Berberis_nervosa",0.95
"248","Berberis_nervosa",0.05
"29","Berberis_nervosa",0.95
"30","Berberis_nervosa",0.05
"306","Berberis_nervosa",0.05
"308","Berberis_nervosa",0.05
"31","Berberis_nervosa",0.95
"35","Berberis_nervosa",0.05
"39","Berberis_nervosa",0.05
"407","Berberis_nervosa",0.95
"409","Berberis_nervosa",0.95
"411","Berberis_nervosa",0.05
"412","Berberis_nervosa",0.95
"43","Berberis_nervosa",0.95
"45","Berberis_nervosa",0.95
"49","Berberis_nervosa",0.95
"50","Berberis_nervosa",0.95
"51","Berberis_nervosa",0.95
"53","Berberis_nervosa",0.95
"81","Berberis_nervosa",0.05
"83","Berberis_nervosa",0.05
"12","Polystichum_munitum",0.05
"157","Polystichum_munitum",0.05
"160","Polystichum_munitum",0.95
"163","Polystichum_munitum",0.95
"164","Polystichum_munitum",0.05
"185","Polystichum_munitum",0.05
"187","Polystichum_munitum",0.95
"188","Polystichum_munitum",0.05
"190","Polystichum_munitum",0.05
"191","Polystichum_munitum",0.95
"192","Polystichum_munitum",0.95
"193","Polystichum_munitum",0.95
"224","Polystichum_munitum",0.95
"225","Polystichum_munitum",0.05
"227","Polystichum_munitum",0.05
"230","Polystichum_munitum",0.95
"248","Polystichum_munitum",0.05
"29","Polystichum_munitum",0.95
"30","Polystichum_munitum",0.95
"306","Polystichum_munitum",0.05
"308","Polystichum_munitum",0.05
"31","Polystichum_munitum",0.95
"35","Polystichum_munitum",0.05
"39","Polystichum_munitum",0.05
"407","Polystichum_munitum",0.95
"409","Polystichum_munitum",0.95
"411","Polystichum_munitum",0.05
"412","Polystichum_munitum",0.05
"43","Polystichum_munitum",0.05
"45","Polystichum_munitum",0.05
"49","Polystichum_munitum",0.95
"50","Polystichum_munitum",0.95
"51","Polystichum_munitum",0.95
"53","Polystichum_munitum",0.95
"81","Polystichum_munitum",0.05
"83","Polystichum_munitum",0.05
"12","Chrysolepis_chrysophylla",0.95
"157","Chrysolepis_chrysophylla",0.95
"160","Chrysolepis_chrysophylla",0.95
"163","Chrysolepis_chrysophylla",0.95
"164","Chrysolepis_chrysophylla",0.95
"185","Chrysolepis_chrysophylla",0.05
"187","Chrysolepis_chrysophylla",0.05
"188","Chrysolepis_chrysophylla",0.05
"190","Chrysolepis_chrysophylla",0.95
"191","Chrysolepis_chrysophylla",0.05
"192","Chrysolepis_chrysophylla",0.95
"193","Chrysolepis_chrysophylla",0.95
"224","Chrysolepis_chrysophylla",0.05
"225","Chrysolepis_chrysophylla",0.05
"227","Chrysolepis_chrysophylla",0.05
"230","Chrysolepis_chrysophylla",0.95
"248","Chrysolepis_chrysophylla",0.05
"29","Chrysolepis_chrysophylla",0.05
"30","Chrysolepis_chrysophylla",0.05
"306","Chrysolepis_chrysophylla",0.95
"308","Chrysolepis_chrysophylla",0.05
"31","Chrysolepis_chrysophylla",0.95
"35","Chrysolepis_chrysophylla",0.95
"39","Chrysolepis_chrysophylla",0.05
"407","Chrysolepis_chrysophylla",0.95
"409","Chrysolepis_chrysophylla",0.95
"411","Chrysolepis_chrysophylla",0.95
"412","Chrysolepis_chrysophylla",0.05
"43","Chrysolepis_chrysophylla",0.95
"45","Chrysolepis_chrysophylla",0.95
"49","Chrysolepis_chrysophylla",0.95
"50","Chrysolepis_chrysophylla",0.95
"51","Chrysolepis_chrysophylla",0.05
"53","Chrysolepis_chrysophylla",0.05
"81","Chrysolepis_chrysophylla",0.05
"83","Chrysolepis_chrysophylla",0.05
"12","Whipplea_modesta",0.05
"157","Whipplea_modesta",0.95
"160","Whipplea_modesta",0.95
"163","Whipplea_modesta",0.05
"164","Whipplea_modesta",0.95
"185","Whipplea_modesta",0.05
"187","Whipplea_modesta",0.95
"188","Whipplea_modesta",0.95
"190","Whipplea_modesta",0.05
"191","Whipplea_modesta",0.95
"192","Whipplea_modesta",0.95
"193","Whipplea_modesta",0.05
"224","Whipplea_modesta",0.95
"225","Whipplea_modesta",0.05
"227","Whipplea_modesta",0.95
"230","Whipplea_modesta",0.05
"248","Whipplea_modesta",0.05
"29","Whipplea_modesta",0.05
"30","Whipplea_modesta",0.05
"306","Whipplea_modesta",0.95
"308","Whipplea_modesta",0.05
"31","Whipplea_modesta",0.05
"35","Whipplea_modesta",0.05
"39","Whipplea_modesta",0.05
"407","Whipplea_modesta",0.05
"409","Whipplea_modesta",0.05
"411","Whipplea_modesta",0.05
"412","Whipplea_modesta",0.05
"43","Whipplea_modesta",0.05
"45","Whipplea_modesta",0.05
"49","Whipplea_modesta",0.95
"50","Whipplea_modesta",0.05
"51","Whipplea_modesta",0.95
"53","Whipplea_modesta",0.95
"81","Whipplea_modesta",0.95
"83","Whipplea_modesta",0.95
"12","Linnaea_borealis_var_longiflora",0.05
"157","Linnaea_borealis_var_longiflora",0.05
"160","Linnaea_borealis_var_longiflora",0.95
"163","Linnaea_borealis_var_longiflora",0.95
"164","Linnaea_borealis_var_longiflora",0.95
"185","Linnaea_borealis_var_longiflora",0.05
"187","Linnaea_borealis_var_longiflora",0.05
"188","Linnaea_borealis_var_longiflora",0.05
"190","Linnaea_borealis_var_longiflora",0.95
"191","Linnaea_borealis_var_longiflora",0.05
"192","Linnaea_borealis_var_longiflora",0.95
"193","Linnaea_borealis_var_longiflora",0.05
"224","Linnaea_borealis_var_longiflora",0.95
"225","Linnaea_borealis_var_longiflora",0.05
"227","Linnaea_borealis_var_longiflora",0.05
"230","Linnaea_borealis_var_longiflora",0.95
"248","Linnaea_borealis_var_longiflora",0.05
"29","Linnaea_borealis_var_longiflora",0.95
"30","Linnaea_borealis_var_longiflora",0.95
"306","Linnaea_borealis_var_longiflora",0.05
"308","Linnaea_borealis_var_longiflora",0.05
"31","Linnaea_borealis_var_longiflora",0.05
"35","Linnaea_borealis_var_longiflora",0.05
"39","Linnaea_borealis_var_longiflora",0.05
"407","Linnaea_borealis_var_longiflora",0.05
"409","Linnaea_borealis_var_longiflora",0.95
"411","Linnaea_borealis_var_longiflora",0.05
"412","Linnaea_borealis_var_longiflora",0.95
"43","Linnaea_borealis_var_longiflora",0.95
"45","Linnaea_borealis_var_longiflora",0.05
"49","Linnaea_borealis_var_longiflora",0.95
"50","Linnaea_borealis_var_longiflora",0.95
"51","Linnaea_borealis_var_longiflora",0.95
"53","Linnaea_borealis_var_longiflora",0.05
"81","Linnaea_borealis_var_longiflora",0.05
"83","Linnaea_borealis_var_longiflora",0.95
"12","Gaultheria_shallon",0.05
"157","Gaultheria_shallon",0.05
"160","Gaultheria_shallon",0.95
"163","Gaultheria_shallon",0.95
"164","Gaultheria_shallon",0.95
"185","Gaultheria_shallon",0.05
"187","Gaultheria_shallon",0.05
"188","Gaultheria_shallon",0.05
"190","Gaultheria_shallon",0.95
"191","Gaultheria_shallon",0.05
"192","Gaultheria_shallon",0.95
"193","Gaultheria_shallon",0.95
"224","Gaultheria_shallon",0.95
"225","Gaultheria_shallon",0.95
"227","Gaultheria_shallon",0.05
"230","Gaultheria_shallon",0.95
"248","Gaultheria_shallon",0.05
"29","Gaultheria_shallon",0.05
"30","Gaultheria_shallon",0.95
"306","Gaultheria_shallon",0.05
"308","Gaultheria_shallon",0.95
"31","Gaultheria_shallon",0.95
"35","Gaultheria_shallon",0.05
"39","Gaultheria_shallon",0.95
"407","Gaultheria_shallon",0.05
"409","Gaultheria_shallon",0.95
"411","Gaultheria_shallon",0.95
"412","Gaultheria_shallon",0.05
"43","Gaultheria_shallon",0.95
"45","Gaultheria_shallon",0.05
"49","Gaultheria_shallon",0.05
"50","Gaultheria_shallon",0.95
"51","Gaultheria_shallon",0.05
"53","Gaultheria_shallon",0.05
"81","Gaultheria_shallon",0.05
"83","Gaultheria_shallon",0.05
