"","observer"
"R001","obs_a"
"R002","obs_b"
"R003","obs_c"
"R004","obs_a"
"R005","obs_b"
"R006","obs_c"
"R007","obs_a"
"R008","obs_b"
"R009","obs_c"
"R010","obs_a"
"R011","obs_b"
"R012","obs_c"
"R013","obs_a"
"R014","obs_b"
"R015","obs_c"
"R016","obs_a"
"R017","obs_b"
"R018","obs_c"
"R019","obs_a"
"R020","obs_b"
"R021","obs_c"
"R022","obs_a"
"R023","obs_b"
"R024","obs_c"
"R025","obs_a"
"R026","obs_b"
"R027","obs_c"
"R028","obs_a"
"R029","obs_b"
"R031","obs_c"
"R032","obs_a"
"R033","obs_b"
"R034","obs_c"
"R035","obs_a"
"R036","obs_b"
"R037","obs_c"
